,Country,Age,Salary,Purchased
2,1,-1.2755547779917342,-0.8912654918285233,No
3,2,-0.1130238410878752,-0.2532004238149214,No
