,Country,Age,Salary,Purchased
0,0,0.7588743615900191,0.7494732544921673,No
9,0,-0.2583402082008575,0.2937124916253086,Yes
6,2,1.1102230246251563e-16,-1.0735697969752669,No
7,0,1.3401398300419487,1.3875383225057691,Yes
1,2,-1.7115038793306812,-1.4381784072687536,Yes
8,1,1.6307725642679132,1.752146932799256,No
5,0,-0.5489729424268224,-0.5266568815350365,Yes
4,1,0.1776088931380895,2.413344492078737e-16,Yes
